symbol,avg_sentiment,mention_count,bullish_ratio,total_score,timeframe_days
A,0.41834818588469186,8048,0.7208001988071571,194971,1
AAPL,0.20575,4,1.0,3,1
AB,0.74395,2,1.0,3,1
ABBV,0.2388,2,1.0,31,1
ABSI,0.1591,2,0.5,10,1
AC,-0.9792,1,0.0,5,1
ACCD,0.0,1,0.0,3,1
ACHV,0.7762,1,1.0,0,1
ACOG,0.3306,3,0.3333333333333333,4,1
ACON,0.0,1,0.0,1,1
ACT,0.5647363636363637,22,0.8181818181818182,2825,1
ACXP,0.0,1,0.0,0,1
ADD,0.254475,144,0.6111111111111112,724,1
ADI,-0.4526,1,0.0,5,1
ADM,0.0,2,0.0,2,1
ADP,0.41402692307692307,26,0.6923076923076923,361,1
AEON,0.8829,1,1.0,3,1
AG,-0.14229999999999998,2,0.5,130,1
AGI,-0.06381666666666667,6,0.5,10,1
AGO,0.41113496503496505,143,0.7902097902097902,3892,1
AHH,-0.038349999999999995,2,0.5,4,1
AI,0.4071185022026431,227,0.6960352422907489,2797,1
AIM,0.7306333333333334,6,1.0,740,1
AIR,0.7333500000000001,12,0.8333333333333334,90,1
AKA,0.3674181818181818,11,0.6363636363636364,46,1
AL,-0.5994,1,0.0,1,1
ALL,0.26382417794970986,1034,0.6228239845261122,30655,1
ALLY,0.6070333333333334,3,0.6666666666666666,3,1
ALOT,0.3907611111111111,18,0.7222222222222222,161,1
ALTS,-0.7906,1,0.0,4,1
ALUR,0.9098,1,1.0,1,1
AM,0.411490796460177,565,0.7115044247787611,24817,1
AMAT,-0.4526,1,0.0,5,1
AMC,0.37717999999999996,5,0.6,10,1
AMD,0.3215284482758621,116,0.6206896551724138,1005,1
AMPS,0.8205,1,1.0,3,1
AMPX,0.2829416666666667,12,0.5833333333333334,71,1
AMT,0.3612,1,1.0,2,1
AMZN,0.0,1,0.0,1,1
AN,0.4621942857142857,875,0.7531428571428571,14983,1
ANY,0.40381848428835493,541,0.7393715341959335,8387,1
API,0.169775,4,0.5,58,1
APLD,0.7003,2,1.0,2,1
APP,0.4164939393939394,33,0.6060606060606061,460,1
APPS,0.4814083333333334,12,0.75,216,1
APYX,0.0,1,0.0,1,1
ARBE,0.25738055555555556,72,0.4444444444444444,552,1
ARCC,0.2388,2,1.0,31,1
ARCH,0.7013,1,1.0,45,1
ARE,0.3174462890625,2048,0.64599609375,51009,1
ARM,0.400325,4,0.75,7,1
AS,0.4950191176470588,1360,0.7764705882352941,45878,1
ASML,0.37956666666666666,12,0.5833333333333334,-8,1
ASNS,0.2732,1,1.0,4,1
ASTS,-0.4404,1,0.0,6,1
ATHS,-0.025599999999999994,3,0.3333333333333333,29,1
ATOM,0.6912333333333334,3,1.0,10,1
ATR,-0.6945,1,0.0,1,1
AUR,0.5574,1,1.0,3,1
AURA,0.0,1,0.0,0,1
AUUD,0.47175,2,0.5,3,1
AVAV,-0.5023,2,0.0,4,1
AVGO,-0.613,4,0.0,32,1
AX,0.6322,1,1.0,1,1
AYRO,0.9901,7,1.0,7,1
AZUL,0.8974,1,1.0,5,1
B,0.07031875000000001,16,0.5625,29,1
BA,0.5423,1,1.0,7,1
BABA,0.9997,1,1.0,0,1
BACK,0.29804928229665073,418,0.6124401913875598,8312,1
BAER,-0.4028,2,0.0,6,1
BALL,0.0838,9,0.4444444444444444,61,1
BAND,-0.25275000000000003,2,0.5,25,1
BASE,0.2810529411764706,17,0.5882352941176471,5398,1
BBAI,0.5815375,8,0.75,55,1
BC,0.016758333333333316,12,0.4166666666666667,69,1
BE,0.3805971542685971,2003,0.6954568147778333,49988,1
BEAM,0.8011,1,1.0,9,1
BEAT,0.3153857142857143,35,0.6285714285714286,126,1
BEEM,0.8205,1,1.0,3,1
BEN,-0.28209999999999996,4,0.5,4,1
BEST,0.7232822580645161,248,0.9556451612903226,7048,1
BHAT,0.16919692307692308,65,0.4153846153846154,3074,1
BILL,0.436475,16,0.875,85,1
BIO,0.7717333333333333,9,0.8888888888888888,16,1
BIRD,-0.20366666666666663,9,0.2222222222222222,17,1
BJ,0.5106,1,1.0,1,1
BKYI,0.0,2,0.0,2,1
BLUE,0.3397470588235294,17,0.6470588235294118,149,1
BMY,0.8624,2,1.0,2,1
BN,0.2348,2,0.5,13,1
BNAI,0.0,1,0.0,2,1
BNGO,0.3928,4,0.75,7,1
BNRG,0.09106666666666667,3,0.3333333333333333,3,1
BODY,0.44106666666666666,3,1.0,45,1
BOLD,0.7676000000000001,2,1.0,4,1
BOLT,0.9901,1,1.0,9,1
BON,0.3182,1,1.0,2,1
BOOM,0.40403125,16,0.6875,60,1
BOOT,0.027100000000000013,2,0.5,34,1
BOW,0.5838,1,1.0,8,1
BOX,0.31245,2,0.5,18,1
BP,-0.3612,1,0.0,26,1
BRAG,0.8271,1,1.0,2,1
BRO,0.16618518518518519,81,0.49382716049382713,973,1
BROS,0.09112222222222223,9,0.3333333333333333,50,1
BTBT,0.8974,2,1.0,10,1
BTC,0.038962962962962956,27,0.5555555555555556,279,1
BUD,0.21906666666666666,3,0.6666666666666666,8,1
BW,0.0,1,0.0,9,1
BY,0.3913557142857143,630,0.692063492063492,10690,1
BYD,0.9411799999999999,5,1.0,411,1
C,0.46036,5,0.8,19,1
CALM,0.3523777777777778,9,0.8888888888888888,73,1
CAN,0.32629584942084944,1036,0.6640926640926641,28451,1
CAR,0.32485211267605635,71,0.7183098591549296,1056,1
CARD,0.37303333333333333,9,0.6666666666666666,259,1
CARE,0.43103939393939394,33,0.7575757575757576,305,1
CARS,0.14717142857142856,14,0.5,52,1
CART,0.04945000000000002,4,0.5,6,1
CASH,0.48930243902439025,205,0.8097560975609757,1195,1
CAT,-0.18234444444444445,9,0.1111111111111111,54,1
CAVA,0.3612,1,1.0,7,1
CBAT,0.64425,2,1.0,3,1
CC,0.56465,2,1.0,2,1
CCS,0.7264666666666667,3,1.0,4,1
CDNS,-0.4526,1,0.0,5,1
CDT,0.50964,5,0.6,19,1
CDTX,0.8205,1,1.0,3,1
CENT,0.41402,5,0.8,17,1
CERO,0.38076,10,0.6,15,1
CGBS,0.48864,5,0.6,2650,1
CHEF,0.9371,1,1.0,1,1
CHPT,0.248825,4,0.25,8,1
CKPT,0.8197,2,1.0,3,1
CLIR,0.148,2,0.5,3,1
CLX,0.7845,2,1.0,2,1
CME,0.2617,1,1.0,2,1
CMS,0.7579,1,1.0,2,1
CNET,0.5007,2,1.0,6,1
CNS,0.9968,3,1.0,12,1
CNSP,0.0,1,0.0,1,1
COIN,0.09208125,16,0.4375,97,1
COKE,-0.48035,2,0.0,5,1
COLD,0.14566923076923077,13,0.6153846153846154,101,1
COMP,0.21852,5,0.6,45,1
COOK,-0.24916666666666665,3,0.3333333333333333,25,1
COST,0.4750446428571428,112,0.7232142857142857,407,1
CP,0.6486,2,1.0,2,1
CPA,0.39513333333333334,6,0.6666666666666666,6,1
CPRX,0.4215,1,1.0,1,1
CRKN,0.5568909090909091,11,0.6363636363636364,73,1
CRVS,0.9561,1,1.0,2,1
CRWD,0.27606,5,0.8,34,1
CSWC,0.21315,4,1.0,48,1
CTM,0.08314193548387099,31,0.41935483870967744,197,1
CTSO,0.47235,2,0.5,4,1
CURB,0.19355,2,0.5,9,1
CURR,0.3818,1,1.0,1,1
CUZ,-0.13816315789473685,19,0.2631578947368421,169,1
CVAC,0.0,1,0.0,0,1
CVM,0.0,1,0.0,1,1
CVNA,-0.030339999999999992,25,0.32,215,1
CVS,0.34,1,1.0,1,1
CVX,0.6696,1,1.0,1,1
CYN,0.40602,5,0.6,16,1
D,0.16662500000000002,4,0.5,6,1
DARE,-0.2263,2,0.0,2,1
DASH,0.1406,1,1.0,2,1
DATS,0.15175,2,1.0,0,1
DAVE,0.502,2,1.0,2,1
DAWN,0.0,1,0.0,4,1
DAY,0.26352550724637686,345,0.5855072463768116,14824,1
DC,0.9938,1,1.0,1,1
DD,0.4525395833333334,48,0.7291666666666666,276,1
DDS,-0.0516,1,0.0,2,1
DE,0.8674,1,1.0,8,1
DEC,0.447725,12,0.9166666666666666,61,1
DECK,0.85895,2,1.0,18,1
DELL,0.5092,3,0.6666666666666666,5,1
DFH,0.8367,1,1.0,2,1
DGLY,0.0,1,0.0,1,1
DGX,0.0,1,0.0,2,1
DHI,0.8367,1,1.0,2,1
DICE,0.9524,1,1.0,1,1
DIS,-0.3182,1,0.0,1,1
DM,0.2168,4,0.75,13,1
DMA,0.111,4,0.5,11,1
DNA,0.0,2,0.0,71,1
DOW,0.48228,5,0.6,169,1
DRMA,0.0,1,0.0,1,1
DRUG,0.7330333333333333,24,0.875,796,1
DTE,0.31350000000000006,3,0.6666666666666666,38,1
E,0.6413,2,1.0,7,1
EA,0.0,1,0.0,1,1
EARN,0.5084304347826086,23,0.7391304347826086,82,1
EAST,0.22363846153846156,13,0.6153846153846154,41,1
EAT,0.018579999999999996,20,0.4,109,1
EBAY,0.39465000000000006,2,1.0,11,1
EBS,0.8977,1,1.0,9,1
ECO,0.7414,2,1.0,4,1
ED,0.8834,1,1.0,2,1
EDBL,0.0,1,0.0,3,1
EDIT,0.3565,9,0.5555555555555556,77,1
EFSH,0.6326,1,1.0,1,1
EG,0.59902,5,0.8,10,1
EGO,-0.023700000000000016,3,0.6666666666666666,4,1
EH,0.147175,4,0.5,7,1
EJH,0.0,1,0.0,1,1
EKSO,0.5183555555555555,9,0.7777777777777778,81,1
EL,0.35875,2,1.0,4,1
ELEV,0.3264,6,0.5,14,1
ELSE,0.36758615384615384,65,0.7076923076923077,2999,1
EM,0.18816666666666668,6,0.5,346,1
ENB,0.9848,4,1.0,-4,1
EQV,0.4958,2,0.5,3,1
ET,0.9959,1,1.0,5,1
EU,-0.17418333333333333,6,0.16666666666666666,15,1
EVER,0.22381098901098903,91,0.5824175824175825,11219,1
EXP,0.03256,5,0.2,13,1
EYE,0.5744333333333334,39,0.8461538461538461,141,1
EYEN,0.57992,5,0.8,10,1
F,0.3153444444444444,9,0.5555555555555556,18,1
FA,0.9568,2,1.0,2,1
FACT,0.222965625,64,0.5625,278,1
FARM,0.062350000000000017,6,0.3333333333333333,62,1
FAST,0.330395,40,0.575,453,1
FAT,0.17195,8,0.375,182,1
FCN,-0.5267,1,0.0,7,1
FCUV,0.0882,2,0.5,6,1
FDS,-0.4767,1,0.0,1,1
FI,0.296,1,1.0,40,1
FIVE,0.3546526315789474,19,0.6842105263157895,231,1
FIX,0.09379999999999998,9,0.5555555555555556,32,1
FLEX,0.0,1,0.0,2,1
FLO,0.7013,2,1.0,90,1
FN,-0.012433333333333333,3,0.3333333333333333,15,1
FNGS,0.2388,4,1.0,62,1
FOLD,0.08139999999999999,6,0.5,11,1
FOR,0.4255162672681139,3547,0.7225824640541303,113098,1
FORD,0.9344,2,1.0,0,1
FORM,0.49794347826086954,23,0.782608695652174,2705,1
FOUR,0.2796529411764706,17,0.47058823529411764,67,1
FOX,-0.2319,4,0.25,7,1
FOXO,0.0,1,0.0,1,1
FR,0.20395000000000002,2,0.5,4,1
FUBO,0.1577904761904762,21,0.42857142857142855,127,1
FUN,0.6849666666666666,24,0.9166666666666666,349,1
FUND,0.527734,100,0.77,278,1
G,0.41854,5,0.6,6,1
GAIN,0.6441125,72,0.9166666666666666,1502,1
GAME,0.27645555555555557,45,0.6222222222222222,2876,1
GAN,0.9723,1,1.0,2,1
GAP,0.17965000000000003,28,0.4642857142857143,5544,1
GATE,0.6775,2,1.0,2,1
GCTK,0.21456692913385828,127,0.4409448818897638,833,1
GE,-0.7717,1,0.0,1,1
GEN,-0.016699999999999993,4,0.25,13,1
GENE,0.3818,1,1.0,18,1
GENI,0.42145,2,1.0,3,1
GET,0.28750643889618926,761,0.6425755584756899,10302,1
GEVO,0.0,1,0.0,1,1
GIFT,0.30783333333333335,3,1.0,235,1
GIG,0.0,2,0.0,4,1
GIL,0.8674,1,1.0,8,1
GILT,0.217,1,1.0,1,1
GL,0.52225,6,1.0,66,1
GLAD,0.5826925000000001,40,0.925,136,1
GM,0.33604999999999996,2,1.0,3,1
GME,0.3519333333333333,9,0.6666666666666666,14,1
GO,0.2274325278810409,538,0.5613382899628253,12874,1
GOLD,0.3751081632653061,49,0.7142857142857143,215,1
GOOD,0.5570781466113416,723,0.8769017980636238,17272,1
GOOG,0.23651818181818182,11,0.6363636363636364,68,1
GOOGL,0.7690875,8,1.0,18,1
GORO,0.08312,65,0.3384615384615385,85,1
GRAB,0.1274,10,0.3,27,1
GROV,0.4311,2,0.5,3,1
GROW,0.5546509803921569,51,0.8431372549019608,1390,1
GRRR,0.14634999999999998,2,0.5,2,1
GSAT,0.4527333333333334,3,0.6666666666666666,8,1
GYRO,0.6369,1,1.0,9,1
HAS,0.4263962868117797,781,0.7208706786171575,21993,1
HDB,0.7778,1,1.0,23,1
HE,0.15446492537313433,536,0.539179104477612,5727,1
HES,0.17334,10,0.4,128,1
HI,0.679932,25,0.84,48,1
HIT,0.29752333333333336,90,0.6111111111111112,910,1
HIVE,-0.4703,1,0.0,26,1
HODL,0.29655,6,0.5,15,1
HOLO,0.0,3,0.0,-1,1
HONE,0.3127,2,0.5,7,1
HOOD,-0.05135,2,0.0,96,1
HOOK,-0.6042666666666666,3,0.0,7,1
HOPE,0.61597734375,128,0.9453125,8667,1
HOTH,0.47009999999999996,4,0.5,11,1
HOUR,0.170285,20,0.45,99,1
HOVR,0.0,1,0.0,1,1
HSBC,-0.31930000000000003,2,0.0,17,1
HUBS,-0.7992,1,0.0,6,1
HUN,0.0,1,0.0,1,1
HY,0.0,1,0.0,1,1
IBKR,0.37633333333333335,6,0.6666666666666666,11,1
IBM,0.3685913043478261,23,0.782608695652174,165,1
IBRX,0.3612,1,1.0,0,1
ICAD,0.0,1,0.0,1,1
ID,0.24393571428571428,14,0.6428571428571429,-4,1
IE,0.4730666666666667,3,0.6666666666666666,3,1
IFS,0.5207666666666667,3,0.6666666666666666,97,1
III,0.8070999999999999,2,1.0,3,1
IIPR,0.5138666666666667,6,1.0,33,1
IMG,0.9997,2,1.0,0,1
IMO,0.3318928571428571,14,0.7857142857142857,50,1
IMRX,0.10115,4,0.5,3,1
INBS,0.3036,1,1.0,2,1
ING,0.8545,1,1.0,2,1
INO,0.8205,1,1.0,3,1
INTC,0.19771153846153844,26,0.6923076923076923,544,1
INUV,0.2732,1,1.0,4,1
INVZ,0.576025,8,0.75,33,1
IONQ,0.21864418604651162,43,0.5813953488372093,4376,1
IONS,-0.34603333333333336,3,0.3333333333333333,3,1
IOT,0.6113,4,1.0,7,1
IP,0.6451571428571429,7,1.0,63,1
IPWR,0.9918,1,1.0,1,1
IQ,0.2605,3,0.6666666666666666,16,1
IRON,0.3919,1,1.0,6,1
IRS,-0.09566666666666664,6,0.5,21,1
IRT,0.3164,1,1.0,0,1
ISO,0.9876,1,1.0,8,1
IT,0.33289551053928274,3653,0.654530522857925,85955,1
ITP,0.0,1,0.0,0,1
ITRM,-0.1531,1,0.0,1,1
J,-0.09376666666666666,3,0.6666666666666666,3,1
JACK,-0.15969999999999998,6,0.3333333333333333,6,1
JBDI,0.14293333333333333,3,0.3333333333333333,11,1
JD,0.89805,4,1.0,2,1
JFBR,0.81,1,1.0,0,1
JG,0.0,1,0.0,213,1
JOB,0.4347785714285714,70,0.7285714285714285,809,1
JOBY,0.6124,2,1.0,10,1
JOE,0.042666666666666665,3,0.3333333333333333,33,1
JPM,0.2702,3,0.3333333333333333,56,1
JUNE,0.35269000000000006,10,0.6,44,1
K,-0.1186,3,0.0,3,1
KBH,-0.2382,1,0.0,1,1
KEY,0.7719920634920635,63,0.9206349206349206,350,1
KIDS,0.31354615384615386,13,0.6153846153846154,2540,1
KIND,0.39930000000000004,93,0.6989247311827957,928,1
KITT,0.48255,2,0.5,3,1
KKR,0.0,1,0.0,54,1
KLAC,-0.4526,1,0.0,5,1
KNW,0.4232,4,0.75,7,1
KULR,0.17466363636363638,33,0.36363636363636365,170,1
KURA,-0.4019,1,0.0,1,1
L,0.7529857142857143,7,1.0,44,1
LAB,-0.15944999999999998,2,0.5,13,1
LAES,0.31020000000000003,5,0.6,62,1
LAKE,0.87652,5,1.0,106,1
LAND,0.53394,5,0.8,33,1
LASE,-0.7287,2,0.0,2,1
LAW,0.275355,20,0.5,-12,1
LE,0.0,1,0.0,2,1
LEE,0.0,1,0.0,23,1
LEG,0.5374285714285715,7,0.8571428571428571,13,1
LGHL,0.0,1,0.0,2,1
LIDR,0.6249,1,1.0,5,1
LINE,0.2978756097560976,41,0.7073170731707317,249,1
LINK,0.47175882352941173,17,0.6470588235294118,5317,1
LION,0.3818,1,1.0,2,1
LITM,0.32180000000000003,3,0.3333333333333333,7,1
LIVE,0.4924421875,64,0.78125,3356,1
LLY,0.68655,4,1.0,6,1
LMT,0.4712,1,1.0,0,1
LNG,0.9508,1,1.0,1,1
LNKS,0.125,2,0.5,1,1
LOAN,0.6152722222222222,18,0.8888888888888888,22,1
LODE,0.23923157894736843,57,0.7368421052631579,-173,1
LOOP,0.12313333333333336,6,0.5,434,1
LOT,0.3304912727272727,275,0.6727272727272727,2910,1
LOVE,0.7091255102040815,98,0.9387755102040817,6460,1
LOW,0.3020858757062147,177,0.6497175141242938,1814,1
LPSN,0.03453333333333333,9,0.2222222222222222,41,1
LRCX,-0.4526,1,0.0,5,1
LTRX,0.0979625,8,0.25,23,1
LUCK,0.6999271186440679,59,0.9491525423728814,2855,1
LUNR,0.13579999999999998,17,0.35294117647058826,150,1
M,0.2717,6,0.6666666666666666,20,1
MA,-0.10336666666666668,3,0.3333333333333333,2,1
MAG,0.3178666666666667,6,0.6666666666666666,6,1
MAIN,0.5229151515151516,33,0.8181818181818182,1087,1
MAMA,0.8442,1,1.0,12,1
MAN,0.14705211267605633,71,0.5211267605633803,1191,1
MASS,0.18352,5,0.6,17,1
MATH,0.4205238095238095,21,0.7142857142857143,455,1
MAX,0.4243730769230769,26,0.6923076923076923,2692,1
MBOT,0.43133333333333335,9,0.6666666666666666,27,1
MC,0.60175,6,0.8333333333333334,4,1
MCHP,-0.4526,1,0.0,5,1
MCVT,0.5511333333333334,12,0.75,25,1
ME,0.2867945187165775,748,0.6256684491978609,20262,1
MET,0.35914,5,0.8,9,1
META,0.5484506329113924,79,0.7974683544303798,2146,1
MGOL,0.34,1,1.0,1,1
MGRM,0.0,1,0.0,1,1
MIND,0.5139701754385965,57,0.8070175438596491,198,1
MIRA,0.9918,1,1.0,1,1
ML,0.011766666666666667,3,0.6666666666666666,24,1
MLGO,0.0,1,0.0,1,1
MMM,0.523,3,0.6666666666666666,-6,1
MMS,-0.27242500000000003,4,0.25,12,1
MNMD,0.9358,1,1.0,2,1
MO,0.0,1,0.0,1,1
MOVE,0.38045172413793105,145,0.6758620689655173,17428,1
MPWR,-0.4526,1,0.0,5,1
MRK,0.9181,2,1.0,0,1
MRNA,0.34,1,1.0,1,1
MRVL,-0.4526,1,0.0,5,1
MS,0.6243,3,0.6666666666666666,23,1
MSFT,0.37785,12,0.6666666666666666,102,1
MSTR,-0.0345,4,0.25,29,1
MU,0.041636363636363645,11,0.45454545454545453,97,1
MVIS,0.0,2,0.0,3,1
MVST,0.1765,8,0.375,37,1
MXCT,0.0,1,0.0,1,1
NARI,0.9959,5,1.0,25,1
NAT,0.20910000000000004,3,0.3333333333333333,34,1
NBIS,0.2126666666666667,3,0.3333333333333333,3,1
NCI,0.5199,2,1.0,2,1
NEGG,-0.24695,2,0.0,2,1
NEHC,0.0,1,0.0,4,1
NEO,-0.8647,1,0.0,9,1
NET,0.651309756097561,41,0.8780487804878049,296,1
NEXT,0.32026520467836256,342,0.6461988304093568,5692,1
NI,-0.4019,4,0.0,4,1
NICE,0.6208275862068966,87,0.9540229885057471,576,1
NINE,0.41891428571428574,21,0.6666666666666666,131,1
NIO,0.2388,2,1.0,31,1
NMRA,0.8205,1,1.0,3,1
NN,0.9686,3,1.0,48,1
NOTE,0.3516,13,0.6153846153846154,764,1
NOV,0.5224571428571428,7,0.8571428571428571,20,1
NOW,0.2568092975206612,484,0.5950413223140496,13199,1
NRDY,0.7845,2,1.0,2,1
NRXP,0.2423,2,1.0,3,1
NSPR,0.0,1,0.0,1,1
NUE,0.665,2,1.0,4,1
NURO,0.0,1,0.0,1,1
NUVB,0.4588,1,1.0,2,1
NVDA,0.09866754966887419,151,0.4503311258278146,2567,1
NVR,0.41835,2,0.5,3,1
NXL,0.0,1,0.0,1,1
NXPI,-0.4526,1,0.0,5,1
NXPL,0.04218571428571428,7,0.42857142857142855,19,1
NXU,-0.07416666666666667,3,0.0,3,1
NYC,0.7713,1,1.0,8,1
O,0.76345,2,1.0,12,1
OB,-0.2732,1,0.0,19,1
ODD,-0.64958,5,0.0,12,1
OGN,0.9181,2,1.0,0,1
OGS,0.2732,1,1.0,5,1
OI,0.3291,1,1.0,3,1
OKLO,0.24293333333333333,6,0.5,197,1
OLED,-0.4526,1,0.0,5,1
OMER,0.69,1,1.0,10,1
OMEX,0.5994,1,1.0,0,1
ON,0.33685145488029467,2715,0.6559852670349908,49303,1
ONDS,0.6031,3,0.6666666666666666,10,1
ONTO,0.4740958333333333,24,0.75,1983,1
OP,0.2247242857142857,70,0.6,693,1
OPEN,0.2862162393162393,117,0.6068376068376068,1207,1
OPT,0.6726727272727273,11,0.8181818181818182,97,1
OPTT,0.3440678571428571,28,0.6071428571428571,268,1
OR,0.3716306382978723,1410,0.6914893617021277,28793,1
OS,0.48552,5,0.6,46,1
OSTX,0.9909,1,1.0,1,1
OTLY,0.34744166666666665,12,0.5833333333333334,45,1
OUT,0.32381391184573,726,0.6707988980716253,21054,1
OXY,0.4977,2,0.5,16,1
PAA,0.584775,4,1.0,44,1
PACB,0.2294,2,0.5,3,1
PACK,-0.1901,2,0.0,54,1
PALI,0.8660333333333333,3,1.0,4,1
PANW,0.1366,2,0.5,6,1
PAR,0.4417,1,1.0,23,1
PATH,0.5294235294117646,17,0.7647058823529411,786,1
PAY,0.3126455782312925,147,0.673469387755102,3707,1
PAYS,0.5674545454545454,11,0.6363636363636364,61,1
PC,0.41806923076923075,13,0.8461538461538461,72,1
PCB,0.0258,1,1.0,0,1
PDD,0.9997,5,1.0,0,1
PDS,0.1531,1,1.0,1,1
PEG,0.8564,2,1.0,9,1
PET,0.96098,15,1.0,98,1
PETS,0.9975,1,1.0,7,1
PEV,0.30945,4,0.5,12,1
PFE,0.5389846153846154,13,0.9230769230769231,38,1
PH,0.9686,1,1.0,19,1
PITA,0.1177,1,1.0,1,1
PL,0.8205,1,1.0,3,1
PLAY,0.3466359375,128,0.7109375,9301,1
PLTR,0.3539878048780488,41,0.7317073170731707,250,1
PLUG,0.15127500000000002,4,0.5,21,1
PLUS,0.543496,50,0.78,939,1
PLX,0.7713,1,1.0,8,1
PM,0.16630408163265306,49,0.6326530612244898,213,1
POAI,0.6476,1,1.0,2,1
POET,0.4021,2,1.0,3,1
PONY,0.7308,1,1.0,1,1
POOL,0.4162,1,1.0,1,1
POST,0.2067455958549223,193,0.5595854922279793,7635,1
PPG,0.6124,1,1.0,2,1
PPL,-0.1677923076923077,13,0.38461538461538464,82,1
PPTA,0.817225,8,0.875,9,1
PR,0.3960571428571429,7,0.5714285714285714,11,1
PRE,0.08491562500000001,32,0.53125,271,1
PRO,0.1706333333333333,9,0.5555555555555556,43,1
PROF,0.0,1,0.0,2,1
PRPH,0.8986,1,1.0,1,1
PRZO,0.0,1,0.0,1,1
PSHG,0.011224999999999985,4,0.25,30,1
PT,0.2863285714285714,7,0.5714285714285714,17,1
PTON,0.2388,2,1.0,31,1
PTPI,0.8834,1,1.0,2,1
PUMP,-0.06629561403508771,114,0.3508771929824561,687,1
PXLW,0.9367,1,1.0,1,1
QBTS,0.23755555555555555,18,0.5555555555555556,56,1
QCOM,-0.4526,1,0.0,5,1
QMCO,0.4019,1,1.0,2,1
QRVO,-0.4526,1,0.0,5,1
QS,0.7896,1,1.0,1,1
QSI,0.997,1,1.0,3,1
QUBT,0.036546153846153846,26,0.5384615384615384,648,1
R,-0.16903333333333334,6,0.0,42,1
RACE,0.15632857142857143,7,0.42857142857142855,19,1
RAIL,0.6138307692307692,13,0.8461538461538461,45,1
RAMP,0.24253333333333335,3,0.6666666666666666,63,1
RARE,0.6109333333333333,9,0.7777777777777778,23,1
RAY,-0.118775,4,0.5,11,1
RBC,0.9583,2,1.0,2,1
RBLX,0.26335,2,0.5,17,1
RC,-0.4926,1,0.0,1,1
RCAT,0.25914000000000004,5,0.6,32,1
RDDT,-0.005599999999999994,10,0.2,112,1
REAL,0.2571070351758794,199,0.6331658291457286,1950,1
REKR,0.6414333333333334,6,0.8333333333333334,13,1
RELY,0.38961428571428575,7,0.5714285714285714,32,1
RENT,-0.501275,4,0.0,38,1
RGTI,0.2097657894736842,114,0.5526315789473685,2104,1
RGTIW,-0.4019,1,0.0,5,1
RH,0.5687666666666666,15,0.8666666666666667,67,1
RICK,-0.5781,1,0.0,-2,1
RIG,0.4113,1,1.0,-2,1
RIME,0.26537,50,0.56,820,1
RIOT,0.2388,2,1.0,31,1
RKLB,-0.17002,5,0.2,23,1
RMD,0.9181,2,1.0,0,1
ROAD,0.13544,5,0.6,9,1
ROCK,0.408125,12,0.8333333333333334,67,1
ROIC,0.0,2,0.0,0,1
ROK,-0.2732,1,0.0,-1,1
ROKU,7.777777777778e-05,9,0.5555555555555556,37,1
RPID,0.0,1,0.0,1,1
RR,0.32743636363636364,11,0.5454545454545454,51,1
RS,0.0691,4,0.5,4,1
RSI,0.8697181034482758,116,0.9482758620689655,306,1
RTX,0.4468,2,0.5,66,1
RUN,0.3335,125,0.648,1780,1
RVPH,0.48888888888888893,9,0.6666666666666666,23,1
RVSN,0.11026969696969698,99,0.37373737373737376,1159,1
RYAN,0.7504,1,1.0,6,1
RZLV,0.9102,4,1.0,62,1
S,0.02420000000000001,3,0.6666666666666666,7,1
SAFE,0.6485263157894736,38,0.8947368421052632,108,1
SAM,-0.030433333333333323,6,0.3333333333333333,59,1
SAN,0.5024,4,0.75,43,1
SANA,-0.11333333333333334,3,0.0,10,1
SAND,0.7928,1,1.0,1,1
SAT,0.33175,6,0.8333333333333334,50,1
SATS,0.9197,2,1.0,2,1
SAVA,0.0,1,0.0,3,1
SAY,0.2650418032786885,244,0.610655737704918,6759,1
SBC,0.7083,1,1.0,-14,1
SCI,0.5695666666666667,3,1.0,56,1
SCPH,0.8205,1,1.0,3,1
SE,0.822875,4,1.0,1,1
SEE,0.3581836909871245,466,0.6652360515021459,5758,1
SEED,0.18023333333333333,3,0.3333333333333333,50,1
SELF,0.1288047619047619,21,0.5238095238095238,103,1
SEM,0.4404,1,1.0,395,1
SENS,-0.20095,2,0.0,3,1
SERV,0.9442,1,1.0,2,1
SES,0.49435,2,0.5,3,1
SF,0.6597,1,1.0,29,1
SGA,-0.5499,1,0.0,1,1
SGBX,0.3612,1,1.0,1,1
SHIP,0.277125,12,0.5,20,1
SHOP,0.36728,5,0.4,20,1
SHOT,0.37200909090909096,22,0.7272727272727273,293,1
SIDU,-0.1027,1,0.0,1,1
SIM,-0.5574,1,0.0,4,1
SITE,0.5130111111111111,9,0.6666666666666666,54,1
SIX,0.7717571428571429,7,1.0,65,1
SKIN,0.37955714285714287,7,0.7142857142857143,25,1
SKY,0.014350000000000002,10,0.4,39,1
SKYX,0.31193333333333334,3,0.3333333333333333,6,1
SMCI,0.3647666666666667,3,0.6666666666666666,-28,1
SMR,0.9896,1,1.0,186,1
SMX,0.9479,1,1.0,1,1
SNAP,0.28595,2,0.5,14,1
SNOW,-0.3182,1,0.0,35,1
SNPS,-0.4526,1,0.0,5,1
SO,0.29891164725457575,1202,0.6455906821963394,21674,1
SOAR,0.3326,2,0.5,20,1
SOFI,0.5607,2,1.0,12,1
SON,0.33203333333333335,15,0.7333333333333333,78,1
SONO,0.2263,2,1.0,4,1
SONY,0.9667,2,1.0,2,1
SOUN,-0.006766666666666661,3,0.3333333333333333,13,1
SPI,0.0,1,0.0,1,1
SPOT,0.62032,25,0.88,127,1
SPRC,0.96685,2,1.0,5,1
SQFT,0.5473,1,1.0,1,1
SRAD,0.8042,1,1.0,1,1
SRM,0.6396666666666667,3,0.6666666666666666,69,1
SSKN,0.0,1,0.0,1,1
ST,0.12521666666666667,6,0.6666666666666666,1214,1
STEM,0.39,5,0.4,12,1
STEP,0.57583125,16,0.8125,134,1
STIM,-0.9125,1,0.0,8,1
STLA,0.4898,3,1.0,32,1
STM,-0.4526,1,0.0,5,1
SU,0.8442,2,1.0,24,1
SUM,-0.0975125,8,0.25,150,1
SUN,-0.44930000000000003,2,0.0,26,1
SURF,0.4215,2,1.0,2,1
SVMH,0.24371458333333332,48,0.4583333333333333,385,1
SWKS,-0.4526,1,0.0,5,1
SYK,0.9959000000000001,6,1.0,30,1
SYRA,0.12040000000000001,3,0.3333333333333333,3,1
T,-0.00787999999999999,10,0.6,76,1
TALK,0.1438046511627907,43,0.5813953488372093,579,1
TANH,0.9803,2,1.0,6,1
TASK,0.2202,2,0.5,1,1
TAX,0.4867798449612403,129,0.7906976744186046,494,1
TD,0.39145,4,0.5,9,1
TDS,-0.27115,2,0.0,0,1
TEAM,0.5603466666666667,15,0.8666666666666667,769,1
TECH,0.5843348101265823,158,0.8227848101265823,1383,1
TEL,0.5994,1,1.0,1,1
TELA,0.0,1,0.0,1,1
TELO,0.9918,1,1.0,1,1
TEN,0.3022666666666667,9,0.6666666666666666,57,1
TER,-0.4526,1,0.0,5,1
TEVA,0.9951,3,1.0,0,1
TFSA,0.34448,5,0.8,16,1
TG,0.9561,1,1.0,2,1
TGT,0.8316,1,1.0,1,1
TGTX,0.4199,1,1.0,2,1
THO,0.09991538461538463,26,0.46153846153846156,150,1
TIL,0.2675625,8,0.625,24,1
TLRY,-0.20015,2,0.0,3,1
TM,0.25,1,1.0,8,1
TMC,-0.5255,1,0.0,1,1
TNXP,0.13937142857142856,7,0.14285714285714285,13,1
TOP,0.42892830188679243,106,0.8113207547169812,2388,1
TOPS,0.5239,1,1.0,2,1
TOUR,-0.4374,1,0.0,6,1
TOWN,0.6597,1,1.0,29,1
TPET,0.3724,1,1.0,1,1
TPST,0.9262,1,1.0,1,1
TRAW,0.7845,2,1.0,2,1
TREE,0.599475,4,0.75,94,1
TRIP,0.0,1,0.0,1,1
TRUE,0.42266000000000004,40,0.8,204,1
TSLA,0.2238344827586207,29,0.5172413793103449,476,1
TSM,0.19027,20,0.6,279,1
TURN,0.34272,40,0.7,260,1
TV,0.22159999999999996,5,0.6,-5,1
TVGN,0.9637,2,1.0,2,1
TWG,0.0,1,0.0,1,1
TWO,0.3498930379746835,158,0.6392405063291139,1279,1
TX,0.3435,1,1.0,5,1
TXN,-0.4526,1,0.0,5,1
TYGO,0.0,1,0.0,19,1
U,0.016675675675675673,111,0.3963963963963964,381,1
UAMY,0.5723,3,0.6666666666666666,4,1
UBER,0.6126916666666666,12,0.8333333333333334,92,1
UBS,-0.8319,1,0.0,129,1
UK,0.049100000000000005,15,0.4,99,1
ULTA,0.8573363636363637,11,0.9090909090909091,49,1
UMAC,-0.1768,2,0.0,12,1
UNIT,0.9937250000000001,8,1.0,10,1
UP,0.2887886340977069,1003,0.6231306081754736,17702,1
UPS,0.27713846153846156,13,0.7692307692307693,2666,1
UPST,0.10794999999999999,2,1.0,2,1
URG,0.903,1,1.0,1,1
USB,0.9962,2,1.0,6,1
USIO,0.28847500000000004,4,0.5,8,1
UTI,0.9644,2,1.0,4,1
V,0.03268888888888888,9,0.4444444444444444,106,1
VC,0.5106,1,1.0,2,1
VERO,0.0,1,0.0,1,1
VERU,-0.5106,3,0.0,6,1
VET,0.9975,1,1.0,7,1
VIA,0.642164705882353,17,0.8235294117647058,98,1
VIGL,0.8205,1,1.0,3,1
VLN,0.5235299999999999,10,0.6,32,1
VMI,-0.5023,2,0.0,4,1
VNRX,0.04285,2,0.5,2,1
VRAR,0.0,1,0.0,2,1
VRME,-0.6597,1,0.0,1,1
VRT,0.5106,1,1.0,1,1
VS,0.406475,48,0.7083333333333334,4388,1
VST,0.9197,2,1.0,2,1
VVPR,0.0,1,0.0,1,1
VXRT,-0.3612,1,0.0,-3,1
VZ,0.24125000000000002,4,0.5,2,1
VZLA,0.8205,1,1.0,3,1
W,0.41898,5,0.8,18,1
WASH,0.09245384615384616,13,0.6153846153846154,36,1
WAVE,0.36645,4,1.0,7,1
WAY,0.29382226027397257,292,0.6438356164383562,9531,1
WBA,0.34,1,1.0,1,1
WBX,-0.1154,1,0.0,4,1
WELL,0.4589171806167401,227,0.8546255506607929,4865,1
WEST,0.0539,4,0.75,22,1
WIX,0.9951,3,1.0,0,1
WLDS,0.0,1,0.0,5,1
WOLF,0.17242857142857143,7,0.5714285714285714,50,1
WOOF,0.0869,1,1.0,1,1
WOW,0.7013714285714286,14,1.0,141,1
WRAP,0.136025,8,0.5,12,1
WS,-0.7531,1,0.0,2,1
WSO,0.8779,2,1.0,2,1
WULF,0.8205,1,1.0,3,1
WW,-0.9792,1,0.0,5,1
WWR,0.358425,4,0.5,6,1
WY,0.3818,2,1.0,2,1
X,0.4474470588235294,17,0.6470588235294118,70,1
XAIR,0.4843,4,0.5,40,1
XOM,0.2388,2,1.0,31,1
XTIA,0.1345936507936508,63,0.47619047619047616,10738,1
XXII,0.9654000000000001,3,1.0,9,1
YOU,0.3208751369112815,4565,0.6495071193866374,135391,1
Z,-0.1655,1,0.0,2,1
ZCAR,0.0,2,0.0,0,1
ZOM,0.5569142857142857,7,0.5714285714285714,21,1
ZONE,0.33472222222222225,9,0.4444444444444444,2678,1
